"GradeID";"Grade";"GradeLevel"
65536;75.0;"Grade 11"
65537;60.6;"Grade 10"
65538;64.0;"Grade 12"
65539;62.4;"Grade 11"
65540;72.7;"Grade 11"
65541;69.3;"Grade 11"
65542;93.6;"Grade 11"
65543;59.2;"Grade 11"
65544;91.9;"Grade 11"
65545;37.8;"Grade 12"
65546;72.3;"Grade 10"
65547;41.2;"Grade 11"
65548;49.6;"Grade 10"
65549;50.4;"Grade 10"
65550;49.2;"Grade 12"
65551;55.9;"Grade 10"
65552;98.0;"Grade 12"
65553;51.8;"Grade 10"
65554;40.8;"Grade 10"
65555;72.4;"Grade 11"
65556;68.6;"Grade 10"
65557;98.2;"Grade 12"
65558;64.4;"Grade 10"
65559;30.7;"Grade 12"
65560;58.6;"Grade 11"
65561;58.3;"Grade 12"
65562;46.5;"Grade 11"
65563;56.6;"Grade 11"
65564;62.8;"Grade 10"
65565;64.1;"Grade 11"
65566;44.3;"Grade 12"
65567;74.1;"Grade 11"
65568;89.5;"Grade 11"
65569;69.2;"Grade 12"
65570;81.6;"Grade 11"
65571;67.7;"Grade 10"
65572;49.3;"Grade 11"
65573;69.1;"Grade 12"
65574;57.5;"Grade 11"
65575;48.4;"Grade 12"
65576;63.8;"Grade 11"
65577;77.3;"Grade 10"
65578;59.9;"Grade 11"
65579;94.1;"Grade 11"
65580;79.3;"Grade 11"
65581;56.8;"Grade 12"
65582;56.3;"Grade 12"
65583;97.2;"Grade 11"
65584;60.0;"Grade 12"
65585;70.5;"Grade 11"
65586;71.3;"Grade 11"
65587;39.1;"Grade 10"
65588;39.3;"Grade 11"
65589;65.2;"Grade 11"
65590;49.3;"Grade 10"
65591;65.2;"Grade 12"
65592;42.3;"Grade 11"
65593;60.1;"Grade 11"
65594;68.2;"Grade 11"
65595;34.1;"Grade 11"
65596;65.8;"Grade 12"
65597;66.6;"Grade 11"
65598;58.0;"Grade 12"
65599;48.5;"Grade 11"
65600;59.4;"Grade 10"
65601;93.9;"Grade 10"
65602;63.2;"Grade 12"
65603;58.0;"Grade 11"
65604;63.2;"Grade 10"
65605;71.4;"Grade 10"
65606;70.8;"Grade 11"
65607;71.7;"Grade 10"
65608;74.0;"Grade 11"
65609;43.1;"Grade 11"
65610;72.7;"Grade 12"
65611;67.8;"Grade 11"
65612;55.7;"Grade 12"
65613;63.4;"Grade 11"
65614;64.7;"Grade 11"
65615;67.6;"Grade 10"
65616;39.8;"Grade 10"
65617;68.9;"Grade 11"
65618;74.8;"Grade 11"
65619;68.7;"Grade 12"
65620;54.1;"Grade 11"
65621;52.1;"Grade 11"
65622;67.7;"Grade 12"
65623;77.0;"Grade 11"
65624;84.6;"Grade 10"
65625;76.5;"Grade 10"
65626;27.35;"Grade 12"
65627;54.8;"Grade 11"
65628;102.95;"Grade 12"
65629;49.1;"Grade 11"
65630;91.5;"Grade 11"
65631;45.5;"Grade 12"
65632;61.8;"Grade 10"
65633;52.0;"Grade 12"
65634;71.2;"Grade 12"
65635;77.3;"Grade 11"
65636;47.3;"Grade 12"
65637;65.8;"Grade 11"
65638;63.3;"Grade 11"
65639;58.2;"Grade 10"
65640;51.0;"Grade 11"
65641;81.6;"Grade 12"
65642;49.5;"Grade 11"
65643;81.5;"Grade 11"
65644;68.0;"Grade 11"
65645;47.3;"Grade 10"
65646;63.8;"Grade 12"
65647;55.6;"Grade 12"
65648;87.3;"Grade 12"
65649;61.4;"Grade 12"
65650;73.0;"Grade 10"
65651;86.6;"Grade 10"
65652;68.1;"Grade 11"
65653;82.4;"Grade 11"
65654;73.1;"Grade 10"
65655;56.7;"Grade 12"
65656;65.0;"Grade 12"
65657;61.8;"Grade 11"
65658;56.4;"Grade 12"
65659;48.8;"Grade 11"
65660;85.4;"Grade 12"
65661;34.1;"Grade 12"
65662;85.0;"Grade 11"
65663;44.9;"Grade 12"
65664;73.1;"Grade 11"
65665;56.2;"Grade 10"
65666;40.0;"Grade 11"
65667;82.2;"Grade 10"
65668;29.0;"Grade 11"
65669;76.9;"Grade 11"
65670;66.9;"Grade 11"
65671;80.8;"Grade 12"
65672;74.4;"Grade 11"
65673;74.2;"Grade 11"
65674;78.5;"Grade 11"
65675;60.0;"Grade 11"
65676;61.6;"Grade 10"
65677;61.0;"Grade 11"
65678;97.8;"Grade 10"
65679;63.7;"Grade 12"
65680;47.8;"Grade 10"
65681;63.2;"Grade 11"
65682;52.4;"Grade 11"
65683;94.4;"Grade 11"
65684;66.5;"Grade 11"
65685;74.5;"Grade 12"
65686;72.7;"Grade 10"
65687;79.2;"Grade 10"
65688;68.6;"Grade 12"
65689;59.0;"Grade 11"
65690;65.7;"Grade 11"
65691;46.6;"Grade 12"
65692;76.0;"Grade 12"
65693;63.4;"Grade 12"
65694;55.9;"Grade 11"
65695;70.1;"Grade 11"
65696;60.5;"Grade 11"
65697;61.9;"Grade 12"
65698;70.9;"Grade 11"
65699;73.6;"Grade 10"
65700;62.0;"Grade 12"
65701;52.5;"Grade 12"
65702;92.5;"Grade 12"
65703;66.5;"Grade 12"
65704;49.4;"Grade 11"
65705;49.7;"Grade 10"
65706;94.9;"Grade 11"
65707;102.0;"Grade 11"
65708;70.0;"Grade 11"
65709;55.8;"Grade 12"
65710;65.2;"Grade 10"
65711;60.4;"Grade 10"
65712;73.6;"Grade 12"
65713;70.3;"Grade 12"
65714;64.5;"Grade 10"
65715;63.7;"Grade 11"
65716;61.7;"Grade 10"
65717;79.2;"Grade 11"
65718;62.1;"Grade 11"
65719;95.8;"Grade 11"
65720;59.3;"Grade 11"
65721;59.6;"Grade 11"
65722;64.3;"Grade 11"
65723;55.4;"Grade 12"
65724;77.8;"Grade 12"
65725;82.8;"Grade 11"
65726;84.3;"Grade 11"
65727;61.9;"Grade 11"
65728;61.7;"Grade 12"
65729;35.1;"Grade 11"
65730;55.1;"Grade 12"
65731;57.7;"Grade 10"
65732;60.4;"Grade 11"
65733;64.6;"Grade 10"
65734;82.5;"Grade 11"
65735;48.1;"Grade 12"
65736;71.4;"Grade 12"
65737;53.0;"Grade 11"
65738;67.2;"Grade 11"
65739;57.7;"Grade 11"
65740;50.2;"Grade 11"
65741;65.8;"Grade 10"
65742;84.8;"Grade 11"
65743;95.1;"Grade 11"
65744;55.8;"Grade 10"
65745;67.0;"Grade 11"
65746;69.1;"Grade 11"
65747;43.7;"Grade 11"
65748;42.9;"Grade 12"
65749;69.9;"Grade 10"
65750;59.4;"Grade 11"
65751;44.0;"Grade 12"
65752;65.9;"Grade 12"
65753;48.6;"Grade 11"
65754;39.4;"Grade 10"
65755;56.0;"Grade 12"
65756;65.7;"Grade 12"
65757;54.4;"Grade 12"
65758;48.5;"Grade 12"
65759;59.4;"Grade 12"
65760;65.5;"Grade 11"
65761;86.2;"Grade 10"
65762;67.3;"Grade 10"
65763;43.0;"Grade 10"
65764;34.7;"Grade 12"
65765;28.2;"Grade 11"
65766;70.1;"Grade 10"
65767;72.5;"Grade 11"
65768;73.9;"Grade 11"
65769;61.6;"Grade 11"
65770;92.7;"Grade 11"
65771;58.1;"Grade 11"
65772;51.5;"Grade 11"
65773;70.0;"Grade 10"
65774;76.6;"Grade 12"
65775;27.35;"Grade 11"
65776;81.7;"Grade 10"
65777;40.6;"Grade 10"
65778;34.2;"Grade 11"
65779;59.8;"Grade 12"
65780;71.2;"Grade 11"
65781;70.3;"Grade 11"
65782;69.6;"Grade 11"
65783;83.4;"Grade 11"
65784;60.3;"Grade 10"
65785;70.5;"Grade 10"
65786;79.4;"Grade 11"
65787;57.5;"Grade 12"
65788;60.7;"Grade 11"
65789;59.9;"Grade 10"
65790;63.5;"Grade 10"
65791;59.5;"Grade 10"
65792;32.5;"Grade 12"
65793;83.6;"Grade 12"
65794;55.2;"Grade 12"
65795;62.1;"Grade 10"
65796;72.9;"Grade 11"
65797;57.6;"Grade 10"
65798;81.0;"Grade 11"
65799;93.1;"Grade 10"
65800;68.8;"Grade 10"
65801;56.4;"Grade 11"
65802;56.0;"Grade 11"
65803;59.5;"Grade 12"
65804;52.2;"Grade 12"
65805;71.2;"Grade 10"
65806;64.8;"Grade 11"
65807;60.4;"Grade 12"
65808;68.8;"Grade 12"
65809;59.7;"Grade 11"
65810;62.8;"Grade 12"
65811;75.1;"Grade 11"
65812;53.3;"Grade 12"
65813;36.5;"Grade 11"
65814;48.9;"Grade 11"
65815;61.5;"Grade 11"
65816;58.4;"Grade 11"
65817;35.6;"Grade 12"
65818;72.9;"Grade 12"
65819;51.8;"Grade 12"
65820;40.7;"Grade 12"
65821;70.5;"Grade 12"
65822;77.5;"Grade 12"
65823;102.95;"Grade 10"
65824;75.2;"Grade 11"
65825;61.8;"Grade 12"
65826;61.2;"Grade 10"
65827;48.2;"Grade 12"
65828;62.7;"Grade 11"
65829;63.6;"Grade 11"
65830;98.8;"Grade 11"
65831;72.8;"Grade 10"
65832;82.7;"Grade 11"
65833;78.3;"Grade 11"
65834;43.2;"Grade 12"
65835;74.9;"Grade 12"
65836;54.5;"Grade 11"
65837;49.5;"Grade 12"
65838;82.2;"Grade 12"
65839;31.2;"Grade 11"
65840;46.1;"Grade 10"
65841;67.9;"Grade 11"
65842;62.9;"Grade 11"
65843;66.7;"Grade 11"
65844;58.1;"Grade 10"
65845;41.2;"Grade 10"
65846;96.5;"Grade 11"
65847;71.3;"Grade 12"
65848;71.9;"Grade 11"
65849;49.0;"Grade 11"
65850;69.0;"Grade 11"
65851;81.7;"Grade 11"
65852;51.6;"Grade 10"
65853;78.6;"Grade 12"
65854;52.4;"Grade 12"
65855;76.4;"Grade 12"
65856;62.1;"Grade 12"
65857;66.8;"Grade 10"
65858;66.3;"Grade 11"
65859;54.2;"Grade 11"
65860;69.9;"Grade 11"
65861;68.3;"Grade 11"
65862;82.0;"Grade 10"
65863;72.8;"Grade 11"
65864;102.95;"Grade 11"
65865;62.6;"Grade 11"
65866;81.1;"Grade 12"
65867;60.1;"Grade 12"
65868;76.1;"Grade 11"
65869;74.0;"Grade 12"
65870;65.6;"Grade 10"
65871;64.2;"Grade 12"
65872;47.7;"Grade 11"
65873;56.0;"Grade 10"
65874;61.7;"Grade 11"
65875;79.0;"Grade 11"
65876;91.4;"Grade 11"
65877;71.7;"Grade 11"
65878;62.8;"Grade 11"
65879;76.9;"Grade 12"
65880;55.7;"Grade 10"
65881;56.8;"Grade 11"
65882;46.5;"Grade 12"
65883;41.7;"Grade 11"
65884;84.2;"Grade 11"
65885;73.0;"Grade 11"
65886;63.1;"Grade 11"
65887;93.3;"Grade 11"
65888;64.6;"Grade 11"
65889;48.3;"Grade 11"
65890;58.9;"Grade 12"
65891;60.3;"Grade 11"
65892;31.7;"Grade 11"
65893;30.8;"Grade 11"
65894;64.0;"Grade 11"
65895;77.5;"Grade 11"
65896;53.4;"Grade 11"
65897;91.2;"Grade 11"
65898;60.8;"Grade 10"
65899;52.3;"Grade 12"
65900;43.6;"Grade 10"
65901;34.8;"Grade 10"
65902;53.8;"Grade 10"
65903;65.7;"Grade 10"
65904;57.2;"Grade 11"
65905;65.4;"Grade 11"
65906;46.7;"Grade 11"
65907;74.8;"Grade 10"
65908;79.1;"Grade 12"
65909;62.0;"Grade 11"
65910;70.2;"Grade 10"
65911;60.5;"Grade 10"
65912;54.2;"Grade 10"
65913;56.3;"Grade 11"
65914;80.7;"Grade 11"
65915;67.2;"Grade 12"
65916;49.7;"Grade 11"
65917;50.5;"Grade 12"
65918;74.8;"Grade 12"
65919;54.4;"Grade 11"
65920;57.9;"Grade 11"
65921;67.4;"Grade 12"
65922;36.8;"Grade 10"
65923;50.6;"Grade 11"
65924;51.4;"Grade 11"
65925;48.7;"Grade 11"
65926;64.8;"Grade 10"
65927;68.5;"Grade 11"
65928;71.1;"Grade 11"
65929;52.9;"Grade 10"
65930;65.9;"Grade 10"
65931;61.1;"Grade 11"
65932;53.0;"Grade 12"
65933;61.3;"Grade 10"
65934;57.9;"Grade 10"
65935;69.5;"Grade 12"
65936;50.9;"Grade 12"
65937;56.9;"Grade 11"
65938;99.8;"Grade 11"
65939;37.7;"Grade 12"
65940;80.8;"Grade 11"
65941;93.7;"Grade 10"
65942;86.8;"Grade 11"
65943;69.7;"Grade 11"
65944;58.5;"Grade 11"
65945;60.9;"Grade 11"
65946;71.0;"Grade 11"
65947;47.4;"Grade 11"
65948;44.2;"Grade 10"
65949;78.1;"Grade 12"
65950;68.9;"Grade 12"
65951;88.2;"Grade 10"
65952;79.6;"Grade 12"
65953;68.7;"Grade 11"
65954;53.1;"Grade 10"
65955;40.8;"Grade 11"
65956;82.9;"Grade 10"
65957;85.2;"Grade 10"
65958;69.2;"Grade 10"
65959;73.7;"Grade 10"
65960;62.2;"Grade 11"
65961;83.7;"Grade 12"
65962;72.6;"Grade 11"
65963;65.3;"Grade 12"
65964;58.8;"Grade 11"
65965;52.0;"Grade 10"
65966;50.3;"Grade 10"
65967;61.4;"Grade 11"
65968;65.1;"Grade 10"
65969;75.9;"Grade 11"
65970;50.3;"Grade 11"
65971;64.1;"Grade 10"
65972;34.7;"Grade 11"
65973;66.3;"Grade 10"
65974;63.1;"Grade 10"
65975;80.4;"Grade 11"
65976;51.5;"Grade 10"
65977;58.2;"Grade 12"
65978;78.3;"Grade 10"
65979;80.7;"Grade 12"
65980;60.1;"Grade 10"
65981;57.0;"Grade 12"
65982;72.5;"Grade 12"
65983;64.8;"Grade 12"
65984;72.1;"Grade 12"
65985;81.4;"Grade 12"
65986;50.4;"Grade 11"
65987;54.1;"Grade 12"
65988;57.0;"Grade 10"
65989;97.5;"Grade 12"
65990;39.1;"Grade 12"
65991;80.9;"Grade 11"
65992;47.5;"Grade 10"
65993;84.1;"Grade 11"
65994;57.5;"Grade 10"
65995;75.4;"Grade 12"
65996;85.3;"Grade 11"
65997;77.7;"Grade 12"
65998;87.1;"Grade 11"
65999;30.4;"Grade 11"
66000;71.8;"Grade 11"
66001;46.6;"Grade 11"
66002;54.0;"Grade 11"
66003;87.5;"Grade 11"
66004;55.5;"Grade 12"
66005;72.0;"Grade 11"
66006;52.9;"Grade 12"
66007;64.5;"Grade 11"
66008;90.9;"Grade 11"
66009;77.0;"Grade 10"
66010;75.7;"Grade 10"
66011;84.9;"Grade 11"
66012;52.6;"Grade 10"
66013;54.7;"Grade 11"
66014;50.7;"Grade 12"
66015;75.3;"Grade 10"
66016;63.6;"Grade 12"
66017;53.4;"Grade 12"
66018;76.8;"Grade 10"
66019;51.3;"Grade 12"
66020;83.0;"Grade 11"
66021;77.7;"Grade 10"
66022;93.4;"Grade 11"
66023;56.5;"Grade 10"
66024;75.2;"Grade 12"
66025;41.3;"Grade 11"
66026;49.8;"Grade 11"
66027;86.3;"Grade 11"
66028;62.7;"Grade 10"
66029;99.2;"Grade 10"
66030;84.6;"Grade 11"
66031;54.6;"Grade 10"
66032;44.2;"Grade 11"
66033;58.4;"Grade 12"
66034;65.6;"Grade 12"
66035;65.5;"Grade 12"
66036;80.0;"Grade 11"
66037;67.5;"Grade 12"
66038;75.3;"Grade 12"
66039;69.3;"Grade 10"
66040;78.8;"Grade 12"
66041;77.0;"Grade 12"
66042;92.3;"Grade 10"
66043;66.8;"Grade 12"
66044;50.7;"Grade 11"
66045;64.0;"Grade 10"
66046;73.8;"Grade 10"
66047;76.5;"Grade 11"
66048;92.6;"Grade 11"
66049;66.6;"Grade 10"
66050;62.6;"Grade 12"
66051;43.0;"Grade 12"
66052;79.5;"Grade 11"
66053;56.5;"Grade 11"
66054;67.6;"Grade 11"
66055;60.9;"Grade 12"
66056;42.2;"Grade 12"
66057;69.6;"Grade 12"
66058;70.8;"Grade 12"
66059;96.0;"Grade 11"
66060;37.5;"Grade 11"
66061;83.1;"Grade 11"
66062;96.4;"Grade 12"
66063;70.6;"Grade 11"
66064;55.3;"Grade 12"
66065;73.1;"Grade 12"
66066;77.7;"Grade 11"
66067;39.3;"Grade 12"
66068;52.5;"Grade 11"
66069;42.5;"Grade 12"
66070;66.1;"Grade 12"
66071;44.4;"Grade 11"
66072;69.3;"Grade 12"
66073;66.8;"Grade 11"
66074;72.6;"Grade 12"
66075;35.1;"Grade 10"
66076;53.6;"Grade 10"
66077;80.5;"Grade 12"
66078;54.8;"Grade 10"
66079;55.8;"Grade 11"
66080;38.4;"Grade 12"
66081;64.5;"Grade 12"
66082;53.5;"Grade 11"
66083;73.8;"Grade 11"
66084;67.2;"Grade 10"
66085;67.1;"Grade 12"
66086;75.2;"Grade 10"
66087;89.3;"Grade 12"
66088;87.4;"Grade 11"
66089;48.7;"Grade 12"
66090;33.3;"Grade 11"
66091;65.3;"Grade 10"
66092;70.7;"Grade 12"
66093;61.3;"Grade 12"
66094;40.7;"Grade 11"
66095;47.9;"Grade 10"
66096;58.0;"Grade 10"
66097;36.6;"Grade 12"
66098;57.4;"Grade 11"
66099;87.8;"Grade 11"
66100;71.7;"Grade 12"
66101;41.1;"Grade 11"
66102;101.5;"Grade 12"
66103;68.1;"Grade 12"
66104;67.1;"Grade 11"
66105;86.0;"Grade 12"
66106;82.5;"Grade 12"
66107;56.7;"Grade 11"
66108;60.8;"Grade 11"
66109;82.7;"Grade 10"
66110;89.4;"Grade 10"
66111;51.0;"Grade 12"
66112;76.3;"Grade 11"
66113;58.1;"Grade 12"
66114;47.4;"Grade 12"
66115;47.7;"Grade 10"
66116;68.6;"Grade 11"
66117;54.6;"Grade 12"
66118;46.9;"Grade 12"
66119;72.3;"Grade 11"
66120;58.5;"Grade 12"
66121;60.6;"Grade 11"
66122;80.3;"Grade 11"
66123;45.9;"Grade 11"
66124;75.1;"Grade 10"
66125;57.6;"Grade 11"
66126;85.7;"Grade 12"
66127;35.5;"Grade 10"
66128;81.2;"Grade 11"
66129;56.1;"Grade 11"
66130;54.3;"Grade 11"
66131;89.2;"Grade 11"
66132;43.6;"Grade 12"
66133;80.3;"Grade 10"
66134;55.0;"Grade 11"
66135;66.0;"Grade 11"
66136;80.3;"Grade 12"
66137;50.1;"Grade 10"
66138;33.0;"Grade 12"
66139;71.8;"Grade 12"
66140;75.1;"Grade 12"
66141;49.8;"Grade 12"
66142;69.0;"Grade 12"
66143;63.0;"Grade 11"
66144;77.6;"Grade 11"
66145;66.0;"Grade 12"
66146;54.3;"Grade 12"
66147;102.9;"Grade 11"
66148;83.9;"Grade 10"
66149;87.8;"Grade 12"
66150;31.9;"Grade 12"
66151;44.3;"Grade 10"
66152;76.5;"Grade 12"
66153;62.0;"Grade 10"
66154;45.2;"Grade 12"
66155;73.2;"Grade 12"
66156;69.8;"Grade 11"
66157;48.0;"Grade 11"
66158;87.7;"Grade 12"
66159;53.7;"Grade 10"
66160;73.9;"Grade 10"
66161;89.7;"Grade 11"
66162;92.3;"Grade 11"
66163;46.0;"Grade 11"
66164;49.1;"Grade 12"
66165;69.7;"Grade 12"
66166;48.8;"Grade 12"
66167;93.2;"Grade 10"
66168;37.0;"Grade 11"
66169;56.9;"Grade 12"
66170;73.4;"Grade 11"
66171;90.4;"Grade 11"
66172;39.0;"Grade 10"
66173;49.9;"Grade 10"
66174;101.0;"Grade 10"
66175;87.6;"Grade 10"
66176;71.6;"Grade 11"
66177;82.6;"Grade 11"
66178;69.1;"Grade 10"
66179;59.9;"Grade 12"
66180;44.1;"Grade 12"
66181;38.2;"Grade 11"
66182;54.6;"Grade 11"
66183;71.5;"Grade 11"
66184;44.1;"Grade 11"
66185;65.1;"Grade 11"
66186;56.8;"Grade 10"
66187;66.2;"Grade 10"
66188;90.2;"Grade 10"
66189;45.5;"Grade 11"
66190;51.8;"Grade 11"
66191;63.6;"Grade 10"
66192;47.5;"Grade 11"
66193;45.2;"Grade 11"
66194;66.1;"Grade 10"
66195;45.1;"Grade 10"
66196;50.6;"Grade 12"
66197;90.5;"Grade 11"
66198;47.8;"Grade 11"
66199;30.6;"Grade 11"
66200;50.2;"Grade 12"
66201;67.3;"Grade 12"
66202;68.3;"Grade 10"
66203;76.0;"Grade 11"
66204;89.9;"Grade 12"
66205;31.4;"Grade 10"
66206;47.0;"Grade 10"
66207;61.6;"Grade 12"
66208;28.6;"Grade 11"
66209;64.2;"Grade 11"
66210;83.2;"Grade 11"
66211;68.0;"Grade 10"
66212;49.5;"Grade 10"
66213;46.9;"Grade 11"
66214;40.4;"Grade 12"
66215;79.1;"Grade 10"
66216;57.4;"Grade 12"
66217;76.3;"Grade 12"
66218;62.5;"Grade 10"
66219;57.0;"Grade 11"
66220;84.5;"Grade 10"
66221;85.1;"Grade 12"
66222;63.5;"Grade 12"
66223;87.3;"Grade 10"
66224;82.3;"Grade 12"
66225;40.9;"Grade 11"
66226;38.6;"Grade 10"
66227;74.7;"Grade 10"
66228;75.4;"Grade 11"
66229;94.4;"Grade 12"
66230;78.2;"Grade 11"
66231;64.7;"Grade 10"
66232;78.9;"Grade 12"
66233;80.6;"Grade 11"
66234;55.5;"Grade 11"
66235;62.5;"Grade 12"
66236;38.5;"Grade 10"
66237;65.6;"Grade 11"
66238;57.1;"Grade 11"
66239;41.4;"Grade 12"
66240;87.2;"Grade 10"
66241;66.7;"Grade 10"
66242;79.6;"Grade 11"
66243;86.3;"Grade 12"
66244;74.2;"Grade 10"
66245;51.1;"Grade 12"
66246;74.6;"Grade 10"
66247;53.1;"Grade 11"
66248;67.8;"Grade 10"
66249;44.9;"Grade 11"
66250;69.2;"Grade 11"
66251;48.6;"Grade 12"
66252;71.8;"Grade 10"
66253;73.4;"Grade 10"
66254;80.1;"Grade 11"
66255;83.5;"Grade 12"
66256;51.9;"Grade 11"
66257;86.8;"Grade 12"
66258;62.7;"Grade 12"
66259;68.4;"Grade 11"
66260;95.7;"Grade 12"
66261;65.3;"Grade 11"
66262;27.35;"Grade 10"
66263;58.6;"Grade 12"
66264;67.4;"Grade 10"
66265;89.6;"Grade 11"
66266;88.4;"Grade 11"
66267;57.3;"Grade 12"
66268;54.5;"Grade 12"
66269;82.0;"Grade 11"
66270;70.7;"Grade 10"
66271;82.3;"Grade 11"
66272;66.1;"Grade 11"
66273;70.6;"Grade 10"
66274;62.4;"Grade 12"
66275;67.7;"Grade 11"
66276;75.5;"Grade 12"
66277;76.2;"Grade 12"
66278;80.1;"Grade 10"
66279;78.0;"Grade 11"
66280;44.7;"Grade 11"
66281;83.1;"Grade 10"
66282;67.8;"Grade 12"
66283;83.3;"Grade 11"
66284;55.1;"Grade 10"
66285;46.3;"Grade 12"
66286;62.5;"Grade 11"
66287;37.1;"Grade 10"
66288;71.4;"Grade 11"
66289;83.9;"Grade 12"
66290;46.6;"Grade 10"
66291;30.2;"Grade 10"
66292;94.6;"Grade 11"
66293;64.6;"Grade 12"
66294;54.0;"Grade 10"
66295;63.7;"Grade 10"
66296;73.2;"Grade 10"
66297;94.7;"Grade 11"
66298;47.2;"Grade 10"
66299;85.4;"Grade 11"
66300;75.3;"Grade 11"
66301;44.2;"Grade 12"
66302;58.9;"Grade 11"
66303;52.1;"Grade 10"
66304;97.2;"Grade 12"
66305;66.7;"Grade 12"
66306;47.0;"Grade 12"
66307;76.8;"Grade 11"
66308;95.2;"Grade 10"
66309;56.5;"Grade 12"
66310;77.6;"Grade 12"
66311;82.2;"Grade 11"
66312;93.4;"Grade 10"
66313;38.2;"Grade 12"
66314;70.6;"Grade 12"
66315;92.9;"Grade 11"
66316;79.5;"Grade 12"
66317;76.6;"Grade 11"
66318;71.6;"Grade 12"
66319;51.4;"Grade 10"
66320;62.2;"Grade 10"
66321;80.7;"Grade 10"
66322;71.0;"Grade 10"
66323;52.6;"Grade 11"
66324;42.8;"Grade 11"
66325;90.9;"Grade 12"
66326;91.5;"Grade 10"
66327;49.9;"Grade 11"
66328;60.2;"Grade 10"
66329;83.3;"Grade 10"
66330;85.7;"Grade 11"
66331;90.3;"Grade 11"
66332;69.5;"Grade 11"
66333;85.4;"Grade 10"
66334;81.1;"Grade 11"
66335;99.1;"Grade 11"
66336;79.1;"Grade 11"
66337;94.7;"Grade 12"
66338;60.2;"Grade 11"
66339;73.3;"Grade 12"
66340;85.2;"Grade 12"
66341;68.2;"Grade 10"
66342;52.7;"Grade 12"
66343;42.1;"Grade 10"
66344;43.1;"Grade 10"
66345;47.0;"Grade 11"
66346;49.4;"Grade 10"
66347;68.2;"Grade 12"
66348;53.3;"Grade 11"
66349;46.2;"Grade 11"
66350;46.1;"Grade 11"
66351;53.3;"Grade 10"
66352;52.7;"Grade 11"
66353;53.9;"Grade 12"
66354;64.2;"Grade 10"
66355;77.8;"Grade 11"
66356;52.7;"Grade 10"
66357;74.7;"Grade 11"
66358;84.0;"Grade 11"
66359;88.7;"Grade 11"
66360;78.6;"Grade 11"
66361;84.0;"Grade 12"
66362;64.7;"Grade 12"
66363;52.0;"Grade 11"
66364;85.2;"Grade 11"
66365;29.3;"Grade 12"
66366;91.6;"Grade 12"
66367;57.3;"Grade 11"
66368;57.8;"Grade 11"
66369;65.0;"Grade 10"
66370;61.0;"Grade 12"
66371;45.8;"Grade 10"
66372;55.4;"Grade 10"
66373;79.4;"Grade 10"
66374;49.6;"Grade 12"
66375;69.4;"Grade 11"
66376;97.6;"Grade 10"
66377;81.3;"Grade 11"
66378;82.1;"Grade 11"
66379;62.2;"Grade 12"
66380;99.0;"Grade 10"
66381;60.9;"Grade 10"
66382;91.0;"Grade 10"
66383;62.4;"Grade 10"
66384;38.7;"Grade 11"
66385;86.1;"Grade 11"
66386;46.4;"Grade 12"
66387;96.7;"Grade 11"
66388;83.7;"Grade 10"
66389;51.7;"Grade 10"
66390;68.5;"Grade 10"
66391;59.1;"Grade 10"
66392;74.3;"Grade 10"
66393;92.1;"Grade 11"
66394;61.4;"Grade 10"
66395;89.0;"Grade 11"
66396;95.0;"Grade 12"
66397;58.3;"Grade 11"
66398;51.9;"Grade 12"
66399;52.3;"Grade 10"
66400;89.9;"Grade 11"
66401;44.8;"Grade 11"
66402;69.8;"Grade 10"
66403;87.0;"Grade 12"
66404;63.3;"Grade 10"
66405;78.1;"Grade 11"
66406;74.7;"Grade 12"
66407;81.0;"Grade 12"
66408;76.1;"Grade 10"
66409;34.5;"Grade 11"
66410;66.9;"Grade 10"
66411;63.9;"Grade 12"
66412;53.8;"Grade 12"
66413;65.9;"Grade 11"
66414;31.4;"Grade 11"
66415;58.7;"Grade 10"
66416;63.9;"Grade 10"
66417;66.9;"Grade 12"
66418;71.1;"Grade 12"
66419;83.0;"Grade 10"
66420;96.7;"Grade 10"
66421;51.1;"Grade 11"
66422;47.2;"Grade 12"
66423;36.1;"Grade 11"
66424;60.6;"Grade 12"
66425;95.9;"Grade 12"
66426;73.6;"Grade 11"
66427;52.6;"Grade 12"
66428;36.0;"Grade 12"
66429;90.3;"Grade 12"
66430;78.8;"Grade 11"
66431;70.9;"Grade 10"
66432;86.3;"Grade 10"
66433;90.4;"Grade 12"
66434;37.6;"Grade 12"
66435;80.2;"Grade 12"
66436;70.1;"Grade 12"
66437;91.1;"Grade 11"
66438;53.1;"Grade 12"
66439;69.5;"Grade 10"
66440;80.8;"Grade 10"
66441;63.0;"Grade 12"
66442;64.3;"Grade 10"
66443;72.6;"Grade 10"
66444;75.7;"Grade 12"
66445;53.8;"Grade 11"
66446;88.6;"Grade 11"
66447;94.8;"Grade 11"
66448;72.9;"Grade 10"
66449;50.4;"Grade 12"
66450;51.2;"Grade 10"
66451;58.2;"Grade 11"
66452;62.3;"Grade 11"
66453;101.6;"Grade 11"
66454;78.1;"Grade 10"
66455;69.0;"Grade 10"
66456;52.3;"Grade 11"
66457;78.7;"Grade 11"
66458;65.0;"Grade 11"
66459;47.9;"Grade 11"
66460;57.9;"Grade 12"
66461;58.9;"Grade 10"
66462;57.8;"Grade 10"
66463;96.8;"Grade 11"
66464;56.2;"Grade 11"
66465;76.7;"Grade 11"
66466;66.5;"Grade 10"
66467;75.0;"Grade 12"
66468;58.7;"Grade 11"
66469;76.1;"Grade 12"
66470;65.4;"Grade 12"
66471;70.2;"Grade 12"
66472;41.0;"Grade 11"
66473;50.9;"Grade 11"
66474;52.1;"Grade 12"
66475;84.4;"Grade 11"
66476;73.7;"Grade 12"
66477;56.3;"Grade 10"
66478;36.2;"Grade 12"
66479;56.7;"Grade 10"
66480;84.9;"Grade 10"
66481;98.4;"Grade 12"
66482;79.8;"Grade 11"
66483;72.5;"Grade 10"
66484;41.1;"Grade 10"
66485;87.2;"Grade 12"
66486;53.0;"Grade 10"
66487;46.3;"Grade 11"
66488;75.6;"Grade 12"
66489;94.9;"Grade 12"
66490;78.2;"Grade 12"
66491;42.4;"Grade 11"
66492;34.6;"Grade 11"
66493;45.7;"Grade 11"
66494;29.4;"Grade 12"
66495;47.6;"Grade 11"
66496;55.4;"Grade 11"
66497;61.1;"Grade 12"
66498;44.0;"Grade 11"
66499;58.4;"Grade 10"
66500;39.9;"Grade 12"
66501;67.9;"Grade 10"
66502;85.6;"Grade 11"
66503;83.6;"Grade 11"
66504;59.2;"Grade 10"
66505;51.3;"Grade 11"
66506;67.3;"Grade 11"
66507;27.7;"Grade 11"
66508;102.1;"Grade 11"
66509;47.5;"Grade 12"
66510;55.7;"Grade 11"
66511;72.1;"Grade 10"
66512;100.1;"Grade 12"
66513;52.2;"Grade 11"
66514;53.4;"Grade 10"
66515;77.1;"Grade 10"
66516;37.6;"Grade 11"
66517;63.5;"Grade 11"
66518;48.2;"Grade 11"
66519;54.9;"Grade 12"
66520;47.3;"Grade 11"
66521;80.9;"Grade 12"
66522;83.8;"Grade 10"
66523;32.0;"Grade 10"
66524;95.4;"Grade 11"
66525;79.4;"Grade 12"
66526;81.8;"Grade 10"
66527;46.4;"Grade 11"
66528;29.4;"Grade 10"
66529;53.5;"Grade 12"
66530;41.5;"Grade 10"
66531;55.2;"Grade 11"
66532;59.1;"Grade 11"
66533;38.7;"Grade 10"
66534;59.8;"Grade 11"
66535;59.8;"Grade 10"
66536;82.4;"Grade 12"
66537;45.9;"Grade 12"
66538;88.3;"Grade 11"
66539;59.7;"Grade 12"
66540;47.1;"Grade 12"
66541;33.2;"Grade 11"
66542;78.9;"Grade 11"
66543;72.2;"Grade 12"
66544;101.1;"Grade 10"
66545;67.0;"Grade 12"
66546;59.1;"Grade 12"
66547;93.0;"Grade 11"
66548;77.2;"Grade 10"
66549;67.0;"Grade 10"
66550;87.7;"Grade 10"
66551;81.8;"Grade 11"
66552;56.2;"Grade 12"
66553;39.6;"Grade 10"
66554;86.9;"Grade 10"
66555;52.8;"Grade 10"
66556;87.2;"Grade 11"
66557;78.4;"Grade 10"
66558;45.1;"Grade 11"
66559;53.9;"Grade 11"
66560;99.3;"Grade 10"
66561;90.3;"Grade 10"
66562;66.4;"Grade 10"
66563;79.0;"Grade 12"
66564;101.0;"Grade 11"
66565;72.1;"Grade 11"
66566;75.6;"Grade 11"
66567;81.9;"Grade 10"
66568;43.3;"Grade 11"
66569;50.5;"Grade 11"
66570;88.3;"Grade 12"
66571;44.6;"Grade 11"
66572;33.1;"Grade 10"
66573;41.9;"Grade 12"
66574;90.1;"Grade 11"
66575;31.8;"Grade 11"
66576;99.3;"Grade 12"
66577;49.8;"Grade 10"
66578;55.3;"Grade 11"
66579;38.6;"Grade 11"
66580;97.4;"Grade 10"
66581;39.2;"Grade 11"
66582;68.4;"Grade 10"
66583;87.8;"Grade 10"
66584;61.3;"Grade 11"
66585;48.6;"Grade 10"
66586;79.2;"Grade 12"
66587;60.0;"Grade 10"
66588;44.7;"Grade 10"
66589;81.9;"Grade 11"
66590;42.4;"Grade 12"
66591;88.2;"Grade 11"
66592;55.0;"Grade 12"
66593;52.8;"Grade 11"
66594;73.9;"Grade 12"
66595;40.4;"Grade 10"
66596;85.1;"Grade 11"
66597;53.2;"Grade 11"
66598;77.9;"Grade 11"
66599;89.7;"Grade 12"
66600;74.3;"Grade 12"
66601;46.5;"Grade 10"
66602;57.7;"Grade 12"
66603;57.2;"Grade 12"
66604;36.3;"Grade 10"
66605;74.9;"Grade 11"
66606;90.6;"Grade 12"
66607;63.1;"Grade 12"
66608;37.2;"Grade 11"
66609;91.8;"Grade 12"
66610;70.7;"Grade 11"
66611;45.3;"Grade 12"
66612;48.1;"Grade 11"
66613;77.2;"Grade 11"
66614;32.9;"Grade 12"
66615;80.5;"Grade 11"
66616;37.1;"Grade 12"
66617;53.2;"Grade 10"
66618;100.9;"Grade 11"
66619;60.8;"Grade 12"
66620;42.6;"Grade 12"
66621;99.6;"Grade 12"
66622;80.4;"Grade 12"
66623;77.9;"Grade 10"
66624;89.8;"Grade 12"
66625;50.1;"Grade 12"
66626;51.6;"Grade 12"
66627;68.8;"Grade 11"
66628;83.6;"Grade 10"
66629;51.4;"Grade 12"
66630;81.3;"Grade 10"
66631;58.7;"Grade 12"
66632;84.0;"Grade 10"
66633;73.4;"Grade 12"
66634;94.5;"Grade 12"
66635;60.2;"Grade 12"
66636;88.0;"Grade 11"
66637;89.1;"Grade 11"
66638;36.0;"Grade 11"
66639;38.2;"Grade 10"
66640;81.4;"Grade 11"
66641;54.7;"Grade 10"
66642;49.9;"Grade 12"
66643;80.5;"Grade 10"
66644;90.2;"Grade 11"
66645;84.9;"Grade 12"
66646;74.5;"Grade 10"
66647;27.4;"Grade 11"
66648;92.1;"Grade 12"
66649;92.8;"Grade 12"
66650;73.8;"Grade 12"
66651;33.8;"Grade 12"
66652;57.2;"Grade 10"
66653;64.9;"Grade 11"
66654;56.4;"Grade 10"
66655;88.9;"Grade 11"
66656;76.4;"Grade 10"
66657;61.1;"Grade 10"
66658;88.4;"Grade 10"
66659;32.6;"Grade 12"
66660;64.9;"Grade 10"
66661;31.5;"Grade 11"
66662;47.1;"Grade 10"
66663;94.4;"Grade 10"
66664;53.6;"Grade 12"
66665;67.4;"Grade 11"
66666;80.4;"Grade 10"
66667;68.0;"Grade 12"
66668;63.9;"Grade 11"
66669;45.8;"Grade 11"
66670;56.9;"Grade 10"
66671;83.8;"Grade 11"
66672;73.5;"Grade 11"
66673;62.3;"Grade 10"
66674;51.6;"Grade 11"
66675;41.3;"Grade 10"
66676;81.1;"Grade 10"
66677;49.2;"Grade 11"
66678;36.4;"Grade 12"
66679;85.6;"Grade 10"
66680;71.0;"Grade 12"
66681;64.4;"Grade 12"
66682;78.6;"Grade 10"
66683;99.0;"Grade 11"
66684;92.6;"Grade 12"
66685;61.5;"Grade 10"
66686;60.7;"Grade 12"
66687;62.9;"Grade 12"
66688;35.5;"Grade 11"
66689;38.0;"Grade 11"
66690;69.8;"Grade 12"
66691;45.0;"Grade 10"
66692;37.7;"Grade 10"
66693;62.3;"Grade 12"
66694;80.0;"Grade 10"
66695;42.7;"Grade 10"
66696;53.7;"Grade 11"
66697;91.9;"Grade 12"
66698;78.0;"Grade 10"
66699;90.6;"Grade 10"
66700;67.5;"Grade 10"
66701;54.8;"Grade 12"
66702;36.7;"Grade 11"
66703;79.8;"Grade 12"
66704;54.9;"Grade 10"
66705;63.3;"Grade 12"
66706;38.9;"Grade 10"
66707;74.6;"Grade 11"
66708;39.6;"Grade 11"
66709;80.2;"Grade 10"
66710;73.3;"Grade 11"
66711;36.9;"Grade 12"
66712;94.8;"Grade 12"
66713;59.2;"Grade 12"
66714;54.3;"Grade 10"
66715;75.0;"Grade 10"
66716;70.4;"Grade 11"
66717;99.0;"Grade 12"
66718;57.6;"Grade 12"
66719;51.0;"Grade 10"
66720;58.8;"Grade 12"
66721;86.4;"Grade 11"
66722;82.9;"Grade 11"
66723;28.5;"Grade 11"
66724;83.4;"Grade 10"
66725;96.1;"Grade 11"
66726;91.3;"Grade 11"
66727;44.6;"Grade 10"
66728;92.6;"Grade 10"
66729;57.4;"Grade 10"
66730;58.8;"Grade 10"
66731;69.7;"Grade 10"
66732;86.7;"Grade 11"
66733;33.5;"Grade 11"
66734;55.1;"Grade 11"
66735;101.7;"Grade 12"
66736;88.0;"Grade 10"
66737;74.6;"Grade 12"
66738;59.5;"Grade 11"
66739;43.2;"Grade 10"
66740;35.0;"Grade 12"
66741;78.4;"Grade 12"
66742;49.1;"Grade 10"
66743;84.4;"Grade 10"
66744;95.2;"Grade 11"
66745;62.6;"Grade 10"
66746;34.4;"Grade 10"
66747;81.2;"Grade 12"
66748;77.2;"Grade 12"
66749;76.2;"Grade 11"
66750;92.9;"Grade 12"
66751;48.4;"Grade 10"
66752;42.0;"Grade 10"
66753;39.1;"Grade 11"
66754;74.3;"Grade 11"
66755;50.8;"Grade 11"
66756;54.4;"Grade 10"
66757;34.3;"Grade 11"
66758;41.0;"Grade 12"
66759;58.6;"Grade 10"
66760;42.2;"Grade 11"
66761;70.3;"Grade 10"
66762;34.8;"Grade 11"
66763;89.7;"Grade 10"
66764;74.2;"Grade 12"
66765;39.8;"Grade 11"
66766;52.8;"Grade 12"
66767;83.3;"Grade 12"
66768;84.1;"Grade 10"
66769;54.0;"Grade 12"
66770;81.5;"Grade 10"
66771;48.5;"Grade 10"
66772;42.0;"Grade 11"
66773;69.9;"Grade 12"
66774;98.9;"Grade 11"
66775;86.6;"Grade 12"
66776;77.1;"Grade 12"
66777;81.9;"Grade 12"
66778;75.8;"Grade 12"
66779;64.1;"Grade 12"
66780;35.4;"Grade 10"
66781;77.6;"Grade 10"
66782;40.2;"Grade 12"
66783;37.3;"Grade 11"
66784;30.7;"Grade 10"
66785;57.3;"Grade 10"
66786;45.9;"Grade 10"
66787;67.6;"Grade 12"
66788;97.3;"Grade 11"
66789;64.9;"Grade 12"
66790;78.7;"Grade 10"
66791;42.6;"Grade 10"
66792;99.2;"Grade 11"
66793;70.8;"Grade 10"
66794;36.9;"Grade 11"
66795;75.9;"Grade 12"
66796;81.0;"Grade 10"
66797;81.5;"Grade 12"
66798;55.3;"Grade 10"
66799;32.6;"Grade 11"
66800;61.9;"Grade 10"
66801;37.9;"Grade 11"
66802;66.4;"Grade 11"
66803;65.5;"Grade 10"
66804;34.9;"Grade 11"
66805;53.5;"Grade 10"
66806;38.0;"Grade 12"
66807;45.4;"Grade 12"
66808;46.8;"Grade 11"
66809;72.3;"Grade 12"
66810;86.8;"Grade 10"
66811;42.3;"Grade 10"
66812;36.8;"Grade 11"
66813;91.3;"Grade 12"
66814;73.5;"Grade 12"
66815;66.0;"Grade 10"
66816;78.7;"Grade 12"
66817;78.8;"Grade 10"
66818;85.8;"Grade 11"
66819;43.9;"Grade 12"
66820;97.3;"Grade 10"
66821;38.8;"Grade 12"
66822;59.6;"Grade 10"
66823;93.7;"Grade 11"
66824;77.3;"Grade 12"
66825;52.9;"Grade 11"
66826;46.4;"Grade 10"
66827;40.2;"Grade 11"
66828;55.6;"Grade 11"
66829;50.8;"Grade 12"
66830;51.7;"Grade 11"
66831;70.2;"Grade 11"
66832;67.9;"Grade 12"
66833;44.3;"Grade 11"
66834;73.0;"Grade 12"
66835;41.3;"Grade 12"
66836;40.5;"Grade 10"
66837;87.1;"Grade 12"
66838;75.8;"Grade 11"
66839;78.3;"Grade 12"
66840;45.4;"Grade 11"
66841;63.4;"Grade 10"
66842;44.5;"Grade 12"
66843;56.1;"Grade 12"
66844;61.2;"Grade 11"
66845;55.5;"Grade 10"
66846;58.5;"Grade 10"
66847;81.6;"Grade 10"
66848;51.2;"Grade 11"
66849;87.1;"Grade 10"
66850;76.9;"Grade 10"
66851;52.5;"Grade 10"
66852;50.0;"Grade 11"
66853;68.5;"Grade 12"
66854;83.9;"Grade 11"
66855;91.9;"Grade 10"
66856;71.9;"Grade 12"
66857;90.7;"Grade 12"
66858;102.9;"Grade 12"
66859;83.7;"Grade 11"
66860;98.2;"Grade 11"
66861;58.3;"Grade 10"
66862;94.0;"Grade 11"
66863;78.5;"Grade 10"
66864;34.5;"Grade 10"
66865;57.8;"Grade 12"
66866;82.6;"Grade 12"
66867;86.5;"Grade 10"
66868;48.7;"Grade 10"
66869;97.1;"Grade 11"
66870;45.6;"Grade 12"
66871;77.5;"Grade 10"
66872;71.5;"Grade 10"
66873;89.3;"Grade 10"
66874;43.0;"Grade 11"
66875;70.4;"Grade 10"
66876;75.5;"Grade 11"
66877;86.9;"Grade 12"
66878;41.1;"Grade 12"
66879;84.1;"Grade 12"
66880;27.6;"Grade 10"
66881;43.4;"Grade 12"
66882;59.0;"Grade 12"
66883;35.9;"Grade 12"
66884;97.6;"Grade 12"
66885;74.5;"Grade 11"
66886;46.1;"Grade 12"
66887;38.4;"Grade 10"
66888;85.0;"Grade 12"
66889;72.4;"Grade 10"
66890;91.7;"Grade 10"
66891;43.4;"Grade 11"
66892;61.5;"Grade 12"
66893;55.2;"Grade 10"
66894;50.8;"Grade 10"
66895;82.4;"Grade 10"
66896;91.7;"Grade 11"
66897;71.1;"Grade 10"
66898;75.6;"Grade 10"
66899;45.8;"Grade 12"
66900;33.8;"Grade 10"
66901;41.8;"Grade 11"
66902;48.9;"Grade 12"
66903;82.5;"Grade 10"
66904;50.1;"Grade 11"
66905;72.4;"Grade 12"
66906;80.9;"Grade 10"
66907;40.3;"Grade 11"
66908;85.5;"Grade 10"
66909;43.9;"Grade 11"
66910;46.8;"Grade 12"
66911;33.5;"Grade 12"
66912;87.9;"Grade 11"
66913;53.6;"Grade 11"
66914;50.9;"Grade 10"
66915;82.0;"Grade 12"
66916;43.9;"Grade 10"
66917;38.8;"Grade 11"
66918;80.1;"Grade 12"
66919;42.2;"Grade 10"
66920;84.7;"Grade 11"
66921;42.9;"Grade 10"
66922;64.3;"Grade 12"
66923;36.7;"Grade 10"
66924;47.2;"Grade 11"
66925;70.4;"Grade 12"
66926;93.1;"Grade 11"
66927;76.2;"Grade 10"
66928;79.7;"Grade 12"
66929;39.7;"Grade 11"
66930;92.5;"Grade 11"
66931;59.3;"Grade 12"
66932;90.7;"Grade 10"
66933;98.2;"Grade 10"
66934;89.0;"Grade 12"
66935;72.2;"Grade 11"
66936;50.3;"Grade 12"
66937;102.2;"Grade 11"
66938;40.9;"Grade 12"
66939;90.8;"Grade 11"
66940;99.5;"Grade 12"
66941;86.5;"Grade 12"
66942;84.4;"Grade 12"
66943;87.6;"Grade 12"
66944;49.7;"Grade 12"
66945;90.8;"Grade 10"
66946;55.0;"Grade 10"
66947;76.7;"Grade 12"
66948;41.5;"Grade 11"
66949;51.9;"Grade 10"
66950;45.3;"Grade 10"
66951;98.0;"Grade 10"
66952;45.0;"Grade 12"
66953;102.5;"Grade 12"
66954;64.4;"Grade 11"
66955;48.3;"Grade 12"
66956;80.6;"Grade 12"
66957;39.7;"Grade 10"
66958;79.3;"Grade 12"
66959;38.0;"Grade 10"
66960;31.0;"Grade 11"
66961;27.7;"Grade 12"
66962;51.7;"Grade 12"
66963;75.5;"Grade 10"
66964;92.2;"Grade 11"
66965;83.8;"Grade 12"
66966;86.1;"Grade 12"
66967;40.1;"Grade 11"
66968;85.8;"Grade 12"
66969;39.0;"Grade 11"
66970;27.8;"Grade 10"
66971;74.4;"Grade 10"
66972;88.1;"Grade 10"
66973;38.1;"Grade 12"
66974;31.9;"Grade 10"
66975;54.9;"Grade 11"
66976;74.1;"Grade 10"
66977;76.3;"Grade 10"
66978;84.5;"Grade 11"
66979;67.5;"Grade 11"
66980;45.7;"Grade 10"
66981;93.9;"Grade 11"
66982;42.5;"Grade 11"
66983;44.1;"Grade 10"
66984;86.4;"Grade 12"
66985;88.9;"Grade 10"
66986;61.0;"Grade 10"
66987;75.7;"Grade 11"
66988;44.0;"Grade 10"
66989;87.4;"Grade 10"
66990;91.1;"Grade 12"
66991;73.7;"Grade 11"
66992;85.6;"Grade 12"
66993;75.9;"Grade 10"
66994;90.4;"Grade 10"
66995;72.2;"Grade 10"
66996;87.5;"Grade 12"
66997;68.3;"Grade 12"
66998;59.7;"Grade 10"
66999;89.6;"Grade 12"
67000;33.0;"Grade 10"
67001;65.1;"Grade 12"
67002;88.5;"Grade 12"
67003;43.6;"Grade 11"
67004;92.7;"Grade 10"
67005;94.3;"Grade 12"
67006;75.4;"Grade 10"
67007;62.9;"Grade 10"
67008;96.3;"Grade 11"
67009;60.5;"Grade 12"
67010;89.8;"Grade 11"
67011;40.6;"Grade 11"
67012;42.7;"Grade 11"
67013;33.4;"Grade 10"
67014;83.4;"Grade 12"
67015;97.9;"Grade 11"
67016;66.2;"Grade 11"
67017;47.6;"Grade 12"
67018;83.2;"Grade 12"
67019;29.0;"Grade 12"
67020;53.7;"Grade 12"
67021;40.5;"Grade 11"
67022;55.6;"Grade 10"
67023;60.3;"Grade 12"
67024;33.7;"Grade 12"
67025;35.7;"Grade 12"
67026;49.2;"Grade 10"
67027;38.9;"Grade 11"
67028;49.0;"Grade 10"
67029;71.6;"Grade 10"
67030;66.2;"Grade 12"
67031;82.7;"Grade 12"
67032;79.3;"Grade 10"
67033;31.3;"Grade 12"
67034;87.4;"Grade 12"
67035;73.2;"Grade 11"
67036;76.0;"Grade 10"
67037;95.1;"Grade 10"
67038;97.0;"Grade 12"
67039;32.8;"Grade 10"
67040;84.7;"Grade 10"
67041;36.4;"Grade 10"
67042;53.9;"Grade 10"
67043;59.6;"Grade 12"
67044;85.7;"Grade 10"
67045;29.7;"Grade 11"
67046;44.9;"Grade 10"
67047;37.1;"Grade 11"
67048;35.7;"Grade 10"
67049;76.4;"Grade 11"
67050;86.2;"Grade 11"
67051;69.4;"Grade 10"
67052;85.9;"Grade 11"
67053;59.0;"Grade 10"
67054;86.1;"Grade 10"
67055;92.5;"Grade 10"
67056;72.0;"Grade 12"
67057;28.1;"Grade 11"
67058;98.0;"Grade 11"
67059;83.5;"Grade 10"
67060;54.2;"Grade 12"
67061;48.8;"Grade 10"
67062;78.4;"Grade 11"
67063;54.1;"Grade 10"
67064;90.2;"Grade 12"
67065;74.9;"Grade 10"
67066;95.7;"Grade 10"
67067;81.4;"Grade 10"
67068;54.5;"Grade 10"
67069;70.9;"Grade 12"
67070;87.0;"Grade 11"
67071;45.0;"Grade 11"
67072;39.4;"Grade 11"
67073;75.8;"Grade 10"
67074;97.8;"Grade 12"
67075;88.3;"Grade 10"
67076;72.8;"Grade 12"
67077;71.5;"Grade 12"
67078;84.2;"Grade 12"
67079;79.9;"Grade 10"
67080;40.4;"Grade 11"
67081;42.1;"Grade 12"
67082;55.9;"Grade 12"
67083;82.9;"Grade 12"
67084;100.6;"Grade 12"
67085;29.9;"Grade 11"
67086;44.8;"Grade 12"
67087;79.8;"Grade 10"
67088;77.1;"Grade 11"
67089;46.0;"Grade 12"
67090;40.9;"Grade 10"
67091;28.1;"Grade 10"
67092;79.9;"Grade 11"
67093;101.1;"Grade 11"
67094;86.6;"Grade 11"
67095;35.9;"Grade 10"
67096;86.0;"Grade 11"
67097;98.9;"Grade 12"
67098;39.0;"Grade 12"
67099;44.7;"Grade 12"
67100;79.6;"Grade 10"
67101;40.0;"Grade 12"
67102;57.1;"Grade 12"
67103;40.6;"Grade 12"
67104;87.9;"Grade 12"
67105;48.2;"Grade 10"
67106;85.8;"Grade 10"
67107;100.8;"Grade 11"
67108;68.7;"Grade 10"
67109;89.4;"Grade 11"
67110;88.7;"Grade 10"
67111;47.7;"Grade 12"
67112;78.9;"Grade 10"
67113;95.9;"Grade 10"
67114;96.4;"Grade 11"
67115;50.0;"Grade 10"
67116;68.4;"Grade 12"
67117;99.9;"Grade 11"
67118;32.1;"Grade 11"
67119;35.8;"Grade 11"
67120;43.5;"Grade 10"
67121;71.3;"Grade 10"
67122;94.2;"Grade 12"
67123;71.9;"Grade 10"
67124;88.8;"Grade 12"
67125;47.8;"Grade 12"
67126;76.6;"Grade 10"
67127;41.6;"Grade 11"
67128;50.0;"Grade 12"
67129;33.9;"Grade 11"
67130;93.5;"Grade 12"
67131;61.2;"Grade 12"
67132;28.6;"Grade 12"
67133;43.7;"Grade 12"
67134;40.0;"Grade 10"
67135;74.4;"Grade 12"
67136;88.1;"Grade 11"
67137;32.3;"Grade 11"
67138;81.2;"Grade 10"
67139;44.8;"Grade 10"
67140;39.5;"Grade 11"
67141;68.9;"Grade 10"
67142;99.4;"Grade 11"
67143;42.1;"Grade 11"
67144;97.5;"Grade 11"
67145;90.0;"Grade 12"
67146;48.4;"Grade 11"
67147;41.9;"Grade 11"
67148;102.4;"Grade 12"
67149;96.1;"Grade 12"
67150;69.4;"Grade 12"
67151;92.2;"Grade 12"
67152;78.0;"Grade 12"
67153;29.2;"Grade 11"
67154;49.0;"Grade 12"
67155;89.5;"Grade 12"
67156;79.7;"Grade 11"
67157;66.6;"Grade 12"
67158;85.5;"Grade 12"
67159;89.6;"Grade 10"
67160;35.9;"Grade 11"
67161;88.7;"Grade 12"
67162;84.8;"Grade 10"
67163;84.5;"Grade 12"
67164;77.8;"Grade 10"
67165;48.0;"Grade 12"
67166;99.8;"Grade 12"
67167;43.5;"Grade 12"
67168;65.4;"Grade 10"
67169;85.5;"Grade 11"
67170;46.2;"Grade 10"
67171;91.7;"Grade 12"
67172;101.0;"Grade 12"
67173;35.3;"Grade 11"
67174;32.9;"Grade 11"
67175;81.7;"Grade 12"
67176;42.8;"Grade 10"
67177;92.9;"Grade 10"
67178;83.1;"Grade 12"
67179;93.2;"Grade 11"
67180;51.5;"Grade 12"
67181;76.7;"Grade 10"
67182;29.1;"Grade 12"
67183;87.7;"Grade 11"
67184;38.4;"Grade 11"
67185;83.5;"Grade 11"
67186;66.4;"Grade 12"
67187;95.0;"Grade 10"
67188;66.3;"Grade 12"
67189;77.4;"Grade 10"
67190;73.5;"Grade 10"
67191;49.4;"Grade 12"
67192;53.2;"Grade 12"
67193;40.1;"Grade 10"
67194;45.6;"Grade 11"
67195;93.7;"Grade 12"
67196;73.3;"Grade 10"
67197;90.1;"Grade 12"
67198;77.4;"Grade 12"
67199;37.4;"Grade 11"
67200;79.5;"Grade 10"
67201;69.6;"Grade 10"
67202;88.8;"Grade 11"
67203;35.5;"Grade 12"
67204;83.0;"Grade 12"
67205;47.1;"Grade 11"
67206;100.4;"Grade 12"
67207;36.0;"Grade 10"
67208;36.6;"Grade 11"
67209;74.0;"Grade 10"
67210;45.2;"Grade 10"
67211;98.5;"Grade 11"
67212;94.3;"Grade 11"
67213;92.4;"Grade 12"
67214;36.4;"Grade 11"
67215;38.5;"Grade 12"
67216;85.1;"Grade 10"
67217;94.5;"Grade 11"
67218;49.6;"Grade 11"
67219;51.2;"Grade 12"
67220;72.0;"Grade 10"
67221;49.3;"Grade 12"
67222;50.2;"Grade 10"
67223;46.2;"Grade 12"
67224;56.6;"Grade 12"
67225;30.5;"Grade 10"
67226;92.8;"Grade 11"
67227;91.8;"Grade 11"
67228;46.3;"Grade 10"
67229;84.3;"Grade 12"
67230;40.1;"Grade 12"
67231;35.4;"Grade 11"
67232;37.7;"Grade 11"
67233;36.5;"Grade 12"
67234;100.7;"Grade 11"
67235;28.4;"Grade 11"
67236;70.0;"Grade 12"
67237;98.1;"Grade 11"
67238;43.2;"Grade 11"
67239;63.8;"Grade 10"
67240;34.0;"Grade 10"
67241;84.8;"Grade 12"
67242;29.7;"Grade 12"
67243;34.4;"Grade 11"
67244;46.9;"Grade 10"
67245;30.2;"Grade 11"
67246;94.7;"Grade 10"
67247;43.5;"Grade 11"
67248;86.9;"Grade 11"
67249;97.8;"Grade 11"
67250;84.2;"Grade 10"
67251;34.3;"Grade 10"
67252;52.4;"Grade 10"
67253;43.4;"Grade 10"
67254;98.6;"Grade 10"
67255;92.3;"Grade 12"
67256;81.3;"Grade 12"
67257;41.8;"Grade 12"
67258;90.0;"Grade 11"
67259;38.6;"Grade 12"
67260;40.5;"Grade 12"
67261;33.5;"Grade 10"
67262;91.1;"Grade 10"
67263;96.0;"Grade 12"
67264;31.6;"Grade 12"
67265;46.7;"Grade 10"
67266;41.7;"Grade 10"
67267;29.8;"Grade 11"
67268;43.8;"Grade 12"
67269;96.8;"Grade 12"
67270;31.6;"Grade 11"
67271;99.7;"Grade 10"
67272;88.6;"Grade 12"
67273;45.5;"Grade 10"
67274;30.4;"Grade 12"
67275;38.3;"Grade 12"
67276;28.8;"Grade 10"
67277;33.6;"Grade 11"
67278;89.9;"Grade 10"
67279;46.7;"Grade 12"
67280;38.1;"Grade 10"
67281;90.6;"Grade 11"
67282;60.7;"Grade 10"
67283;88.5;"Grade 10"
67284;80.0;"Grade 12"
67285;57.1;"Grade 10"
67286;68.1;"Grade 10"
67287;98.6;"Grade 12"
67288;43.8;"Grade 11"
67289;85.0;"Grade 10"
67290;31.7;"Grade 12"
67291;97.4;"Grade 11"
67292;93.3;"Grade 12"
67293;39.2;"Grade 10"
67294;94.6;"Grade 12"
67295;47.9;"Grade 12"
67296;30.7;"Grade 11"
67297;80.2;"Grade 11"
67298;38.9;"Grade 12"
67299;87.3;"Grade 11"
67300;100.9;"Grade 10"
67301;93.2;"Grade 12"
67302;89.3;"Grade 11"
67303;36.5;"Grade 10"
67304;42.6;"Grade 11"
67305;93.5;"Grade 11"
67306;94.2;"Grade 10"
67307;86.7;"Grade 10"
67308;33.1;"Grade 11"
67309;99.8;"Grade 10"
67310;36.7;"Grade 12"
67311;33.7;"Grade 11"
67312;31.3;"Grade 11"
67313;28.5;"Grade 10"
67314;36.3;"Grade 11"
67315;100.2;"Grade 10"
67316;88.1;"Grade 12"
67317;56.6;"Grade 10"
67318;41.0;"Grade 10"
67319;99.6;"Grade 10"
67320;63.0;"Grade 10"
67321;31.5;"Grade 12"
67322;74.1;"Grade 12"
67323;97.6;"Grade 11"
67324;79.0;"Grade 10"
67325;79.9;"Grade 12"
67326;45.3;"Grade 11"
67327;56.1;"Grade 10"
67328;85.9;"Grade 12"
67329;30.0;"Grade 11"
67330;46.8;"Grade 10"
67331;47.6;"Grade 10"
67332;100.3;"Grade 10"
67333;29.1;"Grade 10"
67334;29.7;"Grade 10"
67335;87.9;"Grade 10"
67336;46.0;"Grade 10"
67337;82.1;"Grade 10"
67338;99.9;"Grade 12"
67339;50.5;"Grade 10"
67340;89.2;"Grade 10"
67341;91.3;"Grade 10"
67342;35.2;"Grade 12"
67343;43.7;"Grade 10"
67344;35.7;"Grade 11"
67345;34.9;"Grade 10"
67346;87.5;"Grade 10"
67347;54.7;"Grade 12"
67348;99.1;"Grade 10"
67349;78.2;"Grade 10"
67350;88.4;"Grade 12"
67351;67.1;"Grade 10"
67352;78.5;"Grade 12"
67353;93.4;"Grade 12"
67354;96.9;"Grade 10"
67355;35.6;"Grade 11"
67356;92.8;"Grade 10"
67357;99.5;"Grade 10"
67358;92.1;"Grade 10"
67359;79.7;"Grade 10"
67360;84.6;"Grade 12"
67361;45.6;"Grade 10"
67362;32.4;"Grade 12"
67363;36.2;"Grade 10"
67364;29.5;"Grade 10"
67365;32.2;"Grade 11"
67366;59.3;"Grade 10"
67367;86.5;"Grade 11"
67368;29.4;"Grade 11"
67369;88.6;"Grade 10"
67370;36.8;"Grade 12"
67371;42.9;"Grade 11"
67372;51.1;"Grade 10"
67373;43.3;"Grade 12"
67374;88.2;"Grade 12"
67375;92.0;"Grade 11"
67376;100.2;"Grade 11"
67377;95.3;"Grade 10"
67378;38.7;"Grade 12"
67379;85.3;"Grade 10"
67380;52.2;"Grade 10"
67381;41.5;"Grade 12"
67382;90.0;"Grade 10"
67383;31.6;"Grade 10"
67384;97.7;"Grade 12"
67385;42.7;"Grade 12"
67386;37.3;"Grade 10"
67387;28.7;"Grade 10"
67388;35.8;"Grade 12"
67389;99.9;"Grade 10"
67390;29.2;"Grade 10"
67391;94.3;"Grade 10"
67392;36.1;"Grade 12"
67393;98.4;"Grade 10"
67394;91.0;"Grade 12"
67395;41.4;"Grade 10"
67396;98.4;"Grade 11"
67397;90.9;"Grade 10"
67398;82.6;"Grade 10"
67399;35.6;"Grade 10"
67400;31.0;"Grade 10"
67401;38.1;"Grade 11"
67402;82.8;"Grade 10"
67403;93.0;"Grade 10"
67404;30.9;"Grade 12"
67405;50.7;"Grade 10"
67406;82.1;"Grade 12"
67407;92.4;"Grade 11"
67408;85.9;"Grade 10"
67409;27.9;"Grade 12"
67410;92.0;"Grade 12"
67411;34.3;"Grade 12"
67412;35.1;"Grade 12"
67413;90.5;"Grade 10"
67414;95.6;"Grade 10"
67415;35.4;"Grade 12"
67416;38.5;"Grade 11"
67417;44.5;"Grade 10"
67418;41.6;"Grade 10"
67419;41.9;"Grade 10"
67420;41.7;"Grade 12"
67421;45.1;"Grade 12"
67422;31.8;"Grade 12"
67423;33.6;"Grade 12"
67424;39.6;"Grade 12"
67425;37.8;"Grade 11"
67426;35.3;"Grade 10"
67427;39.4;"Grade 12"
67428;99.6;"Grade 11"
67429;90.5;"Grade 12"
67430;87.6;"Grade 11"
67431;97.0;"Grade 10"
67432;27.9;"Grade 10"
67433;32.5;"Grade 10"
67434;86.2;"Grade 12"
67435;44.5;"Grade 11"
67436;39.5;"Grade 12"
67437;95.4;"Grade 10"
67438;41.6;"Grade 12"
67439;96.6;"Grade 11"
67440;90.7;"Grade 11"
67441;37.0;"Grade 12"
67442;40.3;"Grade 12"
67443;97.1;"Grade 10"
67444;36.3;"Grade 12"
67445;37.2;"Grade 10"
67446;48.3;"Grade 10"
67447;82.3;"Grade 10"
67448;41.4;"Grade 11"
67449;94.1;"Grade 10"
67450;96.4;"Grade 10"
67451;91.4;"Grade 12"
67452;37.9;"Grade 12"
67453;32.7;"Grade 10"
67454;94.6;"Grade 10"
67455;45.7;"Grade 12"
67456;33.6;"Grade 10"
67457;77.4;"Grade 11"
67458;43.8;"Grade 10"
67459;50.6;"Grade 10"
67460;41.8;"Grade 10"
67461;37.2;"Grade 12"
67462;41.2;"Grade 12"
67463;81.8;"Grade 12"
67464;100.6;"Grade 10"
67465;92.0;"Grade 10"
67466;38.8;"Grade 10"
67467;89.2;"Grade 12"
67468;96.2;"Grade 12"
67469;88.9;"Grade 12"
67470;98.9;"Grade 10"
67471;33.7;"Grade 10"
67472;44.4;"Grade 12"
67473;30.3;"Grade 11"
67474;37.6;"Grade 10"
67475;101.8;"Grade 12"
67476;34.9;"Grade 12"
67477;96.2;"Grade 11"
67478;32.4;"Grade 11"
67479;39.9;"Grade 11"
67480;95.2;"Grade 12"
67481;42.5;"Grade 10"
67482;93.8;"Grade 12"
67483;102.2;"Grade 10"
67484;91.8;"Grade 10"
67485;89.8;"Grade 10"
67486;82.8;"Grade 12"
67487;34.0;"Grade 11"
67488;29.5;"Grade 11"
67489;85.3;"Grade 12"
67490;29.5;"Grade 12"
67491;90.1;"Grade 10"
67492;45.4;"Grade 10"
67493;98.7;"Grade 11"
67494;102.3;"Grade 12"
67495;83.2;"Grade 10"
67496;93.8;"Grade 10"
67497;86.4;"Grade 10"
67498;76.8;"Grade 12"
67499;93.9;"Grade 12"
67500;95.7;"Grade 11"
67501;84.7;"Grade 12"
67502;39.3;"Grade 10"
67503;89.1;"Grade 12"
67504;95.5;"Grade 11"
67505;51.3;"Grade 10"
67506;100.3;"Grade 12"
67507;96.3;"Grade 12"
67508;96.1;"Grade 10"
67509;42.0;"Grade 12"
67510;89.0;"Grade 10"
67511;37.5;"Grade 10"
67512;42.8;"Grade 12"
67513;91.6;"Grade 10"
67514;39.9;"Grade 10"
67515;100.9;"Grade 12"
67516;30.5;"Grade 12"
67517;100.5;"Grade 12"
67518;88.8;"Grade 10"
67519;77.9;"Grade 12"
67520;98.1;"Grade 10"
67521;39.7;"Grade 12"
67522;100.7;"Grade 12"
67523;30.8;"Grade 12"
67524;84.3;"Grade 10"
67525;86.7;"Grade 12"
67526;31.9;"Grade 11"
67527;28.5;"Grade 12"
67528;99.7;"Grade 11"
67529;97.1;"Grade 12"
67530;96.3;"Grade 10"
67531;90.8;"Grade 12"
67532;95.6;"Grade 12"
67533;88.0;"Grade 12"
67534;95.0;"Grade 11"
67535;86.0;"Grade 10"
67536;38.3;"Grade 10"
67537;44.6;"Grade 12"
67538;35.3;"Grade 12"
67539;102.8;"Grade 11"
67540;100.3;"Grade 11"
67541;47.4;"Grade 10"
67542;38.3;"Grade 11"
67543;102.2;"Grade 12"
67544;99.4;"Grade 10"
67545;43.1;"Grade 12"
67546;27.9;"Grade 11"
67547;33.3;"Grade 10"
67548;33.1;"Grade 12"
67549;98.3;"Grade 11"
67550;39.5;"Grade 10"
67551;96.0;"Grade 10"
67552;27.6;"Grade 12"
67553;42.4;"Grade 10"
67554;80.6;"Grade 10"
67555;28.9;"Grade 10"
67556;100.8;"Grade 10"
67557;99.4;"Grade 12"
67558;27.6;"Grade 11"
67559;29.1;"Grade 11"
67560;100.4;"Grade 10"
67561;93.1;"Grade 12"
67562;97.7;"Grade 11"
67563;33.4;"Grade 11"
67564;94.9;"Grade 10"
67565;34.2;"Grade 12"
67566;91.6;"Grade 11"
67567;40.7;"Grade 10"
67568;33.2;"Grade 10"
67569;92.4;"Grade 10"
67570;37.3;"Grade 12"
67571;28.7;"Grade 11"
67572;96.9;"Grade 11"
67573;101.2;"Grade 10"
67574;30.1;"Grade 11"
67575;100.8;"Grade 12"
67576;89.4;"Grade 12"
67577;36.6;"Grade 10"
67578;96.8;"Grade 10"
67579;28.4;"Grade 10"
67580;32.7;"Grade 12"
67581;40.2;"Grade 10"
67582;97.9;"Grade 10"
67583;91.5;"Grade 12"
67584;100.1;"Grade 10"
67585;28.8;"Grade 11"
67586;35.8;"Grade 10"
67587;98.5;"Grade 10"
67588;34.6;"Grade 10"
67589;98.7;"Grade 12"
67590;102.1;"Grade 10"
67591;27.5;"Grade 11"
67592;101.6;"Grade 12"
67593;48.1;"Grade 10"
67594;91.2;"Grade 12"
67595;33.2;"Grade 12"
67596;88.5;"Grade 11"
67597;29.8;"Grade 10"
67598;33.0;"Grade 11"
67599;48.0;"Grade 10"
67600;28.0;"Grade 10"
67601;89.1;"Grade 10"
67602;34.1;"Grade 10"
67603;30.3;"Grade 12"
67604;97.5;"Grade 10"
67605;32.5;"Grade 11"
67606;95.9;"Grade 11"
67607;96.7;"Grade 12"
67608;32.8;"Grade 11"
67609;34.0;"Grade 12"
67610;93.8;"Grade 11"
67611;92.7;"Grade 12"
67612;96.6;"Grade 10"
67613;43.3;"Grade 10"
67614;34.7;"Grade 10"
67615;93.3;"Grade 10"
67616;37.8;"Grade 10"
67617;27.8;"Grade 11"
67618;48.9;"Grade 10"
67619;94.8;"Grade 10"
67620;91.0;"Grade 11"
67621;32.7;"Grade 11"
67622;29.9;"Grade 10"
67623;27.4;"Grade 12"
67624;95.4;"Grade 12"
67625;100.5;"Grade 10"
67626;44.4;"Grade 10"
67627;93.5;"Grade 10"
67628;32.6;"Grade 10"
67629;39.8;"Grade 12"
67630;87.0;"Grade 10"
67631;93.6;"Grade 12"
67632;36.9;"Grade 10"
67633;42.3;"Grade 12"
67634;28.9;"Grade 11"
67635;95.3;"Grade 12"
67636;33.4;"Grade 12"
67637;40.3;"Grade 10"
67638;95.3;"Grade 11"
67639;93.0;"Grade 12"
67640;102.6;"Grade 11"
67641;31.3;"Grade 10"
67642;91.2;"Grade 10"
67643;35.2;"Grade 10"
67644;32.4;"Grade 10"
67645;28.1;"Grade 12"
67646;37.5;"Grade 12"
67647;94.1;"Grade 12"
67648;97.0;"Grade 11"
67649;99.1;"Grade 12"
67650;100.0;"Grade 12"
67651;94.5;"Grade 10"
67652;29.6;"Grade 11"
67653;31.1;"Grade 12"
67654;99.3;"Grade 11"
67655;34.8;"Grade 12"
67656;28.4;"Grade 12"
67657;101.3;"Grade 11"
67658;101.6;"Grade 10"
67659;89.5;"Grade 10"
67660;37.9;"Grade 10"
67661;39.2;"Grade 12"
67662;40.8;"Grade 12"
67663;34.5;"Grade 12"
67664;34.2;"Grade 10"
67665;36.2;"Grade 11"
67666;101.8;"Grade 11"
67667;96.9;"Grade 12"
67668;99.7;"Grade 12"
67669;97.9;"Grade 12"
67670;29.8;"Grade 12"
67671;101.1;"Grade 12"
67672;98.6;"Grade 11"
67673;31.2;"Grade 10"
67674;102.3;"Grade 11"
67675;101.7;"Grade 10"
67676;30.5;"Grade 11"
67677;32.0;"Grade 11"
67678;102.4;"Grade 10"
67679;100.5;"Grade 11"
67680;100.0;"Grade 10"
67681;102.4;"Grade 11"
67682;95.6;"Grade 11"
67683;96.5;"Grade 10"
67684;28.6;"Grade 10"
67685;98.3;"Grade 12"
67686;33.8;"Grade 11"
67687;35.0;"Grade 10"
67688;100.7;"Grade 10"
67689;37.0;"Grade 10"
67690;96.5;"Grade 12"
67691;32.3;"Grade 12"
67692;98.1;"Grade 12"
67693;29.9;"Grade 12"
67694;93.6;"Grade 10"
67695;95.1;"Grade 12"
67696;96.6;"Grade 12"
67697;100.4;"Grade 11"
67698;94.0;"Grade 12"
67699;30.9;"Grade 10"
67700;94.0;"Grade 10"
67701;33.9;"Grade 10"
67702;99.2;"Grade 12"
67703;101.9;"Grade 11"
67704;101.3;"Grade 12"
67705;30.9;"Grade 11"
67706;37.4;"Grade 12"
67707;34.4;"Grade 12"
67708;30.1;"Grade 10"
67709;95.5;"Grade 12"
67710;32.2;"Grade 12"
67711;30.0;"Grade 12"
67712;95.8;"Grade 10"
67713;34.6;"Grade 12"
67714;102.9;"Grade 10"
67715;32.8;"Grade 12"
67716;30.6;"Grade 12"
67717;94.2;"Grade 11"
67718;95.5;"Grade 10"
67719;30.6;"Grade 10"
67720;102.7;"Grade 11"
67721;30.1;"Grade 12"
67722;31.8;"Grade 10"
67723;97.7;"Grade 10"
67724;101.2;"Grade 12"
67725;102.5;"Grade 10"
67726;30.2;"Grade 12"
67727;30.0;"Grade 10"
67728;31.4;"Grade 12"
67729;28.0;"Grade 12"
67730;31.5;"Grade 10"
67731;31.7;"Grade 10"
67732;28.0;"Grade 11"
67733;32.1;"Grade 10"
67734;91.4;"Grade 10"
67735;101.9;"Grade 12"
67736;32.9;"Grade 10"
67737;32.0;"Grade 12"
67738;33.3;"Grade 12"
67739;101.4;"Grade 12"
67740;32.1;"Grade 12"
67741;92.2;"Grade 10"
67742;35.0;"Grade 11"
67743;101.4;"Grade 11"
67744;31.1;"Grade 11"
67745;35.2;"Grade 11"
67746;97.3;"Grade 12"
67747;95.8;"Grade 12"
67748;27.4;"Grade 10"
67749;31.0;"Grade 12"
67750;100.6;"Grade 11"
67751;101.9;"Grade 10"
67752;97.2;"Grade 10"
67753;27.7;"Grade 10"
67754;99.5;"Grade 11"
67755;29.6;"Grade 10"
67756;98.7;"Grade 10"
67757;101.3;"Grade 10"
67758;33.9;"Grade 12"
67759;97.4;"Grade 12"
67760;102.6;"Grade 12"
67761;102.8;"Grade 12"
67762;32.3;"Grade 10"
67763;29.2;"Grade 12"
67764;28.3;"Grade 11"
67765;27.8;"Grade 12"
